{
    "train_losses": [
        2.695431041717529,
        0.6397175312042236,
        0.634054958820343,
        0.65872163772583,
        0.6239063620567322,
        0.6951199054718018,
        0.6000380396842957,
        0.5861924827098847,
        0.6306701064109802,
        0.37060163021087644,
        0.15647347420454025,
        0.24812544286251068,
        0.014427655137842521,
        0.2450585626065731,
        0.011402597418054938,
        0.011660491209477186
    ],
    "val_losses": [
        1.4971577763557433,
        0.6650413155555726,
        0.6634531021118164,
        0.6987802982330322,
        0.5766604602336883,
        0.632023298740387,
        0.6665770053863526,
        0.5602673351764679,
        0.5466294825077057,
        0.37512981295585635,
        0.2008432112634182,
        0.19795161485671997,
        0.10606778780929745,
        0.12231126353144646,
        0.2098402504809201,
        0.10989234670996666
    ],
    "track_steps_seen": [
        4096,
        106496,
        208896,
        311296,
        413696,
        516096,
        618496,
        720896,
        823296,
        925696,
        1028096,
        1130496,
        1232896,
        1335296,
        1437696,
        1540096
    ],
    "train_accuracies": [
        0.618125,
        0.9775
    ],
    "val_accuracies": [
        0.59,
        0.9525
    ]
}