{
    "train_losses": [
        1.2980735421180725,
        0.68515864610672,
        0.6641306638717651,
        0.6507033705711365,
        0.49154632687568667,
        0.26220276653766633,
        0.06676655877381563,
        0.17997911125421523,
        0.2651320531964302,
        0.19742995029664598,
        0.12054945826530457,
        0.477157324552536,
        0.11646743500605225,
        0.27122828289866446,
        0.03445612387731671,
        0.007588609820231795
    ],
    "val_losses": [
        0.7863247156143188,
        0.6829564452171326,
        0.673004150390625,
        0.6924277305603027,
        0.4785490453243256,
        0.21793922483921052,
        0.15150041216984392,
        0.16674183160066605,
        0.119181689620018,
        0.07340874939109199,
        0.1213519599288702,
        0.09037880217656494,
        0.08595648612827063,
        0.08467680905014277,
        0.05833287164568901,
        0.08858177331276237
    ],
    "track_steps_seen": [
        4096,
        106496,
        208896,
        311296,
        413696,
        516096,
        618496,
        720896,
        823296,
        925696,
        1028096,
        1130496,
        1232896,
        1335296,
        1437696,
        1540096
    ],
    "train_accuracies": [
        0.9425,
        0.986875
    ],
    "val_accuracies": [
        0.915,
        0.97
    ]
}