{
    "train_losses": [
        5.9491579055786135,
        0.665904450416565,
        0.7024406552314758,
        0.6544494748115539,
        0.7937033176422119,
        0.4962592482566833,
        0.5668743684887886,
        0.8458880305290222,
        0.41717306077480315,
        0.14574160054326057,
        0.16647148579359056,
        0.22413521111011506,
        0.14951864629983902,
        0.2875762104988098,
        0.02553171031177044,
        0.029391543939709663
    ],
    "val_losses": [
        5.787394618988037,
        0.7029952883720398,
        0.6815508365631103,
        0.6875304222106934,
        0.5428204298019409,
        0.4126138031482697,
        0.4273964449763298,
        1.2714611411094665,
        0.2945213347673416,
        0.17290322333574296,
        0.17891852408647538,
        0.2391244128346443,
        0.3489561378955841,
        0.15519365221261977,
        0.2633025549352169,
        0.22651088498532773
    ],
    "track_steps_seen": [
        4096,
        106496,
        208896,
        311296,
        413696,
        516096,
        618496,
        720896,
        823296,
        925696,
        1028096,
        1130496,
        1232896,
        1335296,
        1437696,
        1540096
    ],
    "train_accuracies": [
        0.825,
        1.0
    ],
    "val_accuracies": [
        0.875,
        0.975
    ]
}