{
    "train_losses": [
        3.147736656665802,
        1.8841108202934265,
        0.9633087158203125,
        0.8427177727222442,
        0.9901112079620361,
        1.0574663162231446,
        1.2558001577854156,
        0.8444930911064148,
        0.8770015835762024,
        0.8948435306549072,
        0.8504557728767395,
        1.2660351276397706,
        0.5955507397651673,
        0.6283644437789917,
        0.7637085795402527,
        0.5746627032756806
    ],
    "val_losses": [
        4.276889801025391,
        2.009690856933594,
        1.9441771626472473,
        2.1032890915870666,
        1.6036083579063416,
        1.3958134055137634,
        1.2629829883575439,
        1.1525459289550781,
        1.047726809978485,
        1.0210123658180237,
        0.8934720635414124,
        0.8818833112716675,
        0.8237205445766449,
        0.7983255207538604,
        0.8690541028976441,
        0.7788503646850586
    ],
    "track_steps_seen": [
        4096,
        106496,
        208896,
        311296,
        413696,
        516096,
        618496,
        720896,
        823296,
        925696,
        1028096,
        1130496,
        1232896,
        1335296,
        1437696,
        1540096
    ],
    "train_accuracies": [
        0.59125,
        0.66625
    ],
    "val_accuracies": [
        0.585,
        0.6275
    ]
}