{
    "train_losses": [
        2.5379263401031493,
        0.7265026450157166,
        0.7280812978744506,
        0.7358935177326202,
        0.638323974609375,
        0.5993115782737732,
        0.5343739092350006,
        0.48432330787181854,
        0.4618740141391754,
        0.18089751601219178,
        0.25539756547659637,
        0.17213631123304368,
        0.05480092614889145,
        0.11929630618542433,
        0.052896575164049865,
        0.03432207885198295
    ],
    "val_losses": [
        2.3950134038925173,
        0.7323202013969421,
        0.7400223851203919,
        0.9617897272109985,
        0.6430272579193115,
        0.5819054067134857,
        0.5360434353351593,
        0.580597972869873,
        0.3170283675193787,
        0.4100892782211304,
        0.3107712358236313,
        0.23754536882042884,
        0.19734262824058532,
        0.28141520321369173,
        0.23955572620034218,
        0.2294830098748207
    ],
    "track_steps_seen": [
        4096,
        106496,
        208896,
        311296,
        413696,
        516096,
        618496,
        720896,
        823296,
        925696,
        1028096,
        1130496,
        1232896,
        1335296,
        1437696,
        1540096
    ],
    "train_accuracies": [
        0.88125,
        0.935
    ],
    "val_accuracies": [
        0.8525,
        0.8975
    ]
}