{
    "train_losses": [
        1.472856843471527,
        0.6113639593124389,
        0.656576681137085,
        0.728137069940567,
        0.5110196530818939,
        0.5235098123550415,
        0.40502201914787295,
        0.320650577545166,
        0.4716987729072571,
        0.21176958829164505,
        1.0300211548805236,
        0.7149598836898804,
        0.6269759774208069,
        0.5396597772836685,
        0.33845238089561464,
        0.11750327646732331
    ],
    "val_losses": [
        1.7982576131820678,
        0.5480576276779174,
        0.6152066230773926,
        0.5731340825557709,
        0.4536809384822845,
        0.36478042900562285,
        0.40946192741394044,
        0.5329609811306,
        0.6480980724096298,
        0.2600687712430954,
        1.3749377012252808,
        0.759653377532959,
        0.6807121753692627,
        0.5956526219844818,
        0.41342422366142273,
        0.5548224329948426
    ],
    "track_steps_seen": [
        4096,
        106496,
        208896,
        311296,
        413696,
        516096,
        618496,
        720896,
        823296,
        925696,
        1028096,
        1130496,
        1232896,
        1335296,
        1437696,
        1540096
    ],
    "train_accuracies": [
        0.62625,
        0.914375
    ],
    "val_accuracies": [
        0.64,
        0.9
    ]
}