{
    "train_losses": [
        0.6994909167289733,
        0.711335027217865,
        0.7603136897087097,
        0.5562267065048218,
        0.5762028515338897,
        0.5969273924827576,
        0.46114848256111146,
        0.21257166266441346
    ],
    "val_losses": [
        0.8283414721488953,
        0.7902672410011291,
        0.7084148049354553,
        0.6234159469604492,
        0.6865348935127258,
        0.6118227720260621,
        0.6391855955123902,
        0.5414258122444153
    ],
    "track_steps_seen": [
        4096,
        106496,
        208896,
        311296,
        413696,
        516096,
        618496,
        720896
    ],
    "train_accuracies": [
        0.725,
        0.875
    ],
    "val_accuracies": [
        0.45,
        0.85
    ]
}