{
    "train_losses": [
        0.8428126096725463,
        0.6902047872543335,
        0.6727867960929871,
        0.6697356224060058,
        0.6701803565025329,
        0.7123186945915222,
        0.5254902839660645,
        0.5912246346473694,
        0.5239709794521332,
        0.3709171265363693,
        0.25585899502038956,
        0.3214546084403992,
        0.1827566310763359,
        0.16715762317180632,
        0.21708332523703575,
        0.019739709980785846
    ],
    "val_losses": [
        0.8322276175022125,
        0.6770580172538757,
        0.656605064868927,
        0.6755192637443542,
        0.6146445035934448,
        0.6524986624717712,
        0.5823377370834351,
        0.4643912136554718,
        0.393408864736557,
        0.37443110942840574,
        0.2960176974534988,
        0.3086209028959274,
        0.3344843402504921,
        0.22430564761161803,
        0.5244013965129852,
        0.12747958907857537
    ],
    "track_steps_seen": [
        4096,
        106496,
        208896,
        311296,
        413696,
        516096,
        618496,
        720896,
        823296,
        925696,
        1028096,
        1130496,
        1232896,
        1335296,
        1437696,
        1540096
    ],
    "train_accuracies": [
        0.75875,
        0.965
    ],
    "val_accuracies": [
        0.7525,
        0.92
    ]
}