{
    "train_losses": [
        0.6919051289558411,
        0.7121822714805603,
        0.7056386590003967,
        0.5700197219848633,
        0.5594239354133606,
        0.5987045347690583,
        0.5471001207828522,
        0.5400621294975281
    ],
    "val_losses": [
        0.751301109790802,
        0.7011285424232483,
        0.6385780811309815,
        0.6434625267982483,
        0.6283726334571839,
        0.5687528848648071,
        0.7114608407020568,
        0.48258925676345826
    ],
    "track_steps_seen": [
        4096,
        106496,
        208896,
        311296,
        413696,
        516096,
        618496,
        720896
    ],
    "train_accuracies": [
        0.7,
        0.8
    ],
    "val_accuracies": [
        0.525,
        0.775
    ]
}