{
    "train_losses": [
        2.904559779167175,
        0.7183473348617554,
        0.665302288532257,
        0.66454998254776,
        0.5603824079036712,
        0.4831926167011261,
        0.24899395406246186,
        0.10808244422078132,
        0.3678882658481598,
        0.16240960471332072,
        0.08821554370224476,
        0.03679101392626762,
        0.2028964038938284,
        0.20852060317993165,
        0.1050028832629323,
        0.06239504739642143
    ],
    "val_losses": [
        2.0504979744553564,
        0.7040143966674804,
        0.665831696987152,
        0.6339107394218445,
        0.5870631456375122,
        0.5258472859859467,
        0.2596138894557953,
        0.18754892311990262,
        0.5640910014510154,
        0.2214625183492899,
        0.16185582485049962,
        0.19700634805485606,
        0.2168253928422928,
        0.1749809429049492,
        0.15137114934623241,
        0.20488968044519423
    ],
    "track_steps_seen": [
        4096,
        106496,
        208896,
        311296,
        413696,
        516096,
        618496,
        720896,
        823296,
        925696,
        1028096,
        1130496,
        1232896,
        1335296,
        1437696,
        1540096
    ],
    "train_accuracies": [
        0.7575,
        0.9825
    ],
    "val_accuracies": [
        0.7925,
        0.955
    ]
}