{
    "train_losses": [
        5.464379215240479,
        0.8795080184936523,
        0.7197092294692993,
        0.6867030262947083,
        0.632768177986145,
        0.6494111537933349,
        0.6456293106079102,
        0.5635583639144898
    ],
    "val_losses": [
        4.517377853393555,
        0.743415629863739,
        0.6782133221626282,
        0.6808740973472596,
        0.6909047484397888,
        0.621022629737854,
        0.8540534138679504,
        0.6003215074539184
    ],
    "track_steps_seen": [
        4096,
        106496,
        208896,
        311296,
        413696,
        516096,
        618496,
        720896
    ],
    "train_accuracies": [
        0.725,
        0.925
    ],
    "val_accuracies": [
        0.65,
        0.8
    ]
}