{
    "train_losses": [
        1.5573521614074708,
        1.0227708220481873,
        0.7987566113471984,
        0.6783803224563598,
        0.6989429831504822,
        0.7041489839553833,
        0.6224963426589966,
        0.6724706888198853,
        0.6702379941940307,
        0.5652538418769837,
        0.4693239092826843,
        0.4915226936340332,
        0.10624038353562355,
        0.2459067463874817,
        0.13436322435736656,
        0.060395688936114314
    ],
    "val_losses": [
        1.6536211103200913,
        0.9538803815841674,
        0.8152964949607849,
        0.7130141615867615,
        0.6794473171234131,
        0.6791007161140442,
        0.7344526290893555,
        0.6653364658355713,
        0.6229109168052673,
        0.5373267650604248,
        0.467500901222229,
        0.3548201322555542,
        0.11848256289958954,
        0.29667302370071413,
        0.17052767463028431,
        0.05935249365866184
    ],
    "track_steps_seen": [
        4096,
        106496,
        208896,
        311296,
        413696,
        516096,
        618496,
        720896,
        823296,
        925696,
        1028096,
        1130496,
        1232896,
        1335296,
        1437696,
        1540096
    ],
    "train_accuracies": [
        0.6175,
        0.973125
    ],
    "val_accuracies": [
        0.585,
        0.9625
    ]
}