{
    "train_losses": [
        1.5365801692008971,
        0.6844575762748718,
        0.645618200302124,
        0.6518637299537658,
        0.6272448778152466,
        0.23330450654029847,
        0.17940798848867417,
        0.36056011021137235,
        0.32480729520320895,
        0.11585778295993805,
        0.04847182482481003,
        0.15942365378141404,
        0.005030083330348134,
        0.1752800103276968,
        0.06862405277788639,
        0.018913595518097282
    ],
    "val_losses": [
        0.9444256365299225,
        0.6764237642288208,
        0.6726446509361267,
        0.6782284379005432,
        0.5381442308425903,
        0.22410343289375306,
        0.1448300823569298,
        0.5155667647719383,
        0.14566750600934028,
        0.05575910191982984,
        0.04183592265471816,
        0.07718168497085572,
        0.04288474172353744,
        0.06470695845782756,
        0.05396238416433334,
        0.3135298087261617
    ],
    "track_steps_seen": [
        4096,
        106496,
        208896,
        311296,
        413696,
        516096,
        618496,
        720896,
        823296,
        925696,
        1028096,
        1130496,
        1232896,
        1335296,
        1437696,
        1540096
    ],
    "train_accuracies": [
        0.881875,
        0.97375
    ],
    "val_accuracies": [
        0.885,
        0.965
    ]
}