{
    "train_losses": [
        5.2121154308319095,
        2.4433585524559023,
        2.4888201117515565,
        1.5685086965560913,
        1.072161889076233,
        0.9974693536758423,
        0.9657898306846618,
        0.8239765882492065,
        0.7186673641204834,
        0.6656675696372986,
        0.734981918334961,
        0.5938032627105713,
        0.7137902259826661,
        0.6907080054283142,
        0.645265543460846,
        0.5694449663162231
    ],
    "val_losses": [
        3.2436835289001467,
        1.2304022192955018,
        1.0426055550575257,
        1.0465937852859497,
        0.9690356731414795,
        0.8814198255538941,
        0.8387580394744873,
        0.7746786236763,
        0.7332610607147216,
        0.7242560029029846,
        0.7185630798339844,
        0.7300362586975098,
        0.6878759503364563,
        0.6793626546859741,
        0.6796440005302429,
        0.7165660321712494
    ],
    "track_steps_seen": [
        4096,
        106496,
        208896,
        311296,
        413696,
        516096,
        618496,
        720896,
        823296,
        925696,
        1028096,
        1130496,
        1232896,
        1335296,
        1437696,
        1540096
    ],
    "train_accuracies": [
        0.65,
        0.65
    ],
    "val_accuracies": [
        0.675,
        0.55
    ]
}