{
    "train_losses": [
        3.234766387939453,
        0.641591238975525,
        0.6938929915428161,
        0.626914644241333,
        0.6767905950546265,
        0.6861280798912048,
        0.5377042949199676,
        0.5731868207454681,
        0.2839213594794273,
        0.17051515281200408,
        0.07375871539115905,
        0.1374853402376175,
        0.057476784009486435,
        0.1385569702833891,
        0.09148224294185639,
        0.034548301808536054
    ],
    "val_losses": [
        2.7018537163734435,
        0.7374905824661255,
        0.6936612248420715,
        0.6755074977874755,
        0.6505131006240845,
        0.6436063051223755,
        0.6103662371635437,
        0.5344056248664856,
        0.35170300006866456,
        0.17755620181560516,
        0.19155753273516893,
        0.13969437032938004,
        0.04398936363868415,
        0.05184144675731659,
        0.3039278622716665,
        0.06396803595125675
    ],
    "track_steps_seen": [
        4096,
        106496,
        208896,
        311296,
        413696,
        516096,
        618496,
        720896,
        823296,
        925696,
        1028096,
        1130496,
        1232896,
        1335296,
        1437696,
        1540096
    ],
    "train_accuracies": [
        0.95,
        1.0
    ],
    "val_accuracies": [
        0.875,
        0.975
    ]
}