{
    "train_losses": [
        1.5125731706619263,
        0.6898982524871826,
        0.6899774193763732,
        0.6813607096672059,
        0.6844003081321717,
        0.6702075600624084,
        0.6324186682701111,
        0.3992642551660538,
        0.23753541111946105,
        0.2749864816665649,
        0.03600862044841051,
        0.2178193971514702,
        0.27653083950281143,
        0.07525958307087421,
        0.2213989667594433,
        0.041584617272019384
    ],
    "val_losses": [
        1.4854646921157837,
        0.7362400412559509,
        0.6838684678077698,
        0.6813170909881592,
        0.6812246322631836,
        0.6596182107925415,
        0.5502138078212738,
        0.31112911403179166,
        0.21083921790122986,
        0.20463346913456917,
        0.15043980516493322,
        0.12236923798918724,
        0.07650393024086952,
        0.08253082260489464,
        0.09417270310223103,
        0.12888422682881356
    ],
    "track_steps_seen": [
        2048,
        53248,
        104448,
        155648,
        206848,
        258048,
        309248,
        360448,
        411648,
        462848,
        514048,
        565248,
        616448,
        667648,
        718848,
        770048
    ],
    "train_accuracies": [
        0.919375,
        0.9725
    ],
    "val_accuracies": [
        0.9175,
        0.9475
    ]
}