{
    "train_losses": [
        4.485471630096436,
        2.217302942276001,
        1.5311104595661162,
        1.0978376030921937,
        0.6736958146095275,
        0.7246391177177429,
        0.6277383923530578,
        0.6893326759338378,
        0.6839528918266297,
        0.6151177644729614,
        0.6205506801605225,
        0.6510124325752258,
        0.6475781321525573,
        0.6488791108131409,
        0.5998333096504211,
        0.5238114356994629
    ],
    "val_losses": [
        2.681787443161011,
        1.078286063671112,
        0.9072259306907654,
        0.916468620300293,
        0.8481548070907593,
        0.7923961639404297,
        0.7472217798233032,
        0.7159155488014222,
        0.6910623908042908,
        0.6928629279136658,
        0.6902547955513001,
        0.7064959526062011,
        0.6710869789123535,
        0.6571735143661499,
        0.656780457496643,
        0.7096602499485016
    ],
    "track_steps_seen": [
        4096,
        106496,
        208896,
        311296,
        413696,
        516096,
        618496,
        720896,
        823296,
        925696,
        1028096,
        1130496,
        1232896,
        1335296,
        1437696,
        1540096
    ],
    "train_accuracies": [
        0.6,
        0.7
    ],
    "val_accuracies": [
        0.6,
        0.65
    ]
}