{
    "train_losses": [
        2.9217811584472657,
        1.462971019744873,
        0.7364922046661377,
        0.6918848752975464,
        0.636485505104065,
        0.7225809335708618,
        0.7300629019737244,
        0.6464480876922607,
        0.679731833934784,
        0.6169953346252441,
        0.5900442719459533,
        0.7419692397117614,
        0.6952822208404541,
        0.5678355813026428,
        0.559149295091629,
        0.4510156333446503
    ],
    "val_losses": [
        1.5158320903778075,
        0.8646277666091919,
        0.6833481431007385,
        0.720683753490448,
        0.6932709693908692,
        0.7214877367019653,
        0.7262319803237915,
        0.657396924495697,
        0.6373408794403076,
        0.6196331799030304,
        0.6098003685474396,
        0.5899082362651825,
        0.6343009829521179,
        0.5614310801029205,
        0.5470498263835907,
        0.6530221462249756
    ],
    "track_steps_seen": [
        4096,
        106496,
        208896,
        311296,
        413696,
        516096,
        618496,
        720896,
        823296,
        925696,
        1028096,
        1130496,
        1232896,
        1335296,
        1437696,
        1540096
    ],
    "train_accuracies": [
        0.575,
        0.75
    ],
    "val_accuracies": [
        0.6,
        0.65
    ]
}