{
    "train_losses": [
        2.712820565700531,
        0.6237572073936463,
        0.6793451547622681,
        0.6501395583152771,
        0.6418435454368592,
        0.6816051721572876,
        0.5626446366310119,
        0.577689814567566,
        0.421970272064209,
        0.18769160211086272,
        0.1291445277631283,
        0.22682223916053773,
        0.284525990486145,
        0.15184399411082267,
        0.12654700893908738,
        0.03746439162641764
    ],
    "val_losses": [
        1.4870546638965607,
        0.6686025738716126,
        0.6468085527420044,
        0.6460327506065369,
        0.5824523806571961,
        0.6096200525760651,
        0.6039557337760926,
        0.540238869190216,
        0.45863878130912783,
        0.4647203892469406,
        0.2054154220968485,
        0.1949813559651375,
        0.18407367952167988,
        0.07014714740216732,
        0.1298165313899517,
        0.20157472155988215
    ],
    "track_steps_seen": [
        4096,
        106496,
        208896,
        311296,
        413696,
        516096,
        618496,
        720896,
        823296,
        925696,
        1028096,
        1130496,
        1232896,
        1335296,
        1437696,
        1540096
    ],
    "train_accuracies": [
        0.805,
        0.964375
    ],
    "val_accuracies": [
        0.8,
        0.935
    ]
}