{
    "train_losses": [
        0.6364367604255676,
        0.723059618473053,
        0.664807391166687,
        0.7326209306716919,
        0.6791946053504944,
        0.6310066699981689,
        0.6296831607818604,
        0.7606996655464172
    ],
    "val_losses": [
        0.6957867503166199,
        0.6714031934738159,
        0.6792510151863098,
        0.7210294842720032,
        0.6792122483253479,
        0.6773937702178955,
        0.7470261931419373,
        0.6475705146789551
    ],
    "track_steps_seen": [
        4096,
        106496,
        208896,
        311296,
        413696,
        516096,
        618496,
        720896
    ],
    "train_accuracies": [
        0.725,
        0.525
    ],
    "val_accuracies": [
        0.525,
        0.45
    ]
}