{
    "train_losses": [
        0.7528362989425659,
        0.7236546993255615,
        1.0584823131561278,
        0.6645060539245605,
        0.6992442607879639,
        0.6792296409606934,
        0.724015986919403,
        0.5971901059150696
    ],
    "val_losses": [
        1.0177345395088195,
        0.6897138595581055,
        0.96544429063797,
        0.7079241394996643,
        0.712836503982544,
        0.6795438766479492,
        0.7997007489204406,
        0.6881339490413666
    ],
    "track_steps_seen": [
        4096,
        106496,
        208896,
        311296,
        413696,
        516096,
        618496,
        720896
    ],
    "train_accuracies": [
        0.725,
        0.85
    ],
    "val_accuracies": [
        0.425,
        0.725
    ]
}