{
    "train_losses": [
        2.005084729194641,
        1.56396427154541,
        0.985384202003479,
        0.6624289572238922,
        0.8470709681510925,
        0.9416687488555908,
        0.6754786849021912,
        0.681978952884674,
        0.6392012000083923,
        0.5978884041309357,
        0.6680617809295655,
        0.6280114889144898,
        0.611495852470398,
        0.5979773998260498,
        0.7016184687614441,
        0.6269058167934418
    ],
    "val_losses": [
        2.7810335397720336,
        1.7562086701393127,
        1.4134082078933716,
        1.314401125907898,
        0.8380209565162658,
        0.7131079316139222,
        0.8601937651634216,
        0.8106073141098022,
        0.7763408541679382,
        0.7455648899078369,
        0.709558117389679,
        0.6488524556159974,
        0.6142134308815003,
        0.6300517439842224,
        0.7497385978698731,
        0.6940530300140381
    ],
    "track_steps_seen": [
        4096,
        106496,
        208896,
        311296,
        413696,
        516096,
        618496,
        720896,
        823296,
        925696,
        1028096,
        1130496,
        1232896,
        1335296,
        1437696,
        1540096
    ],
    "train_accuracies": [
        0.631875,
        0.679375
    ],
    "val_accuracies": [
        0.59,
        0.6275
    ]
}