{
    "train_losses": [
        2.761677932739258,
        0.6576193690299987,
        0.6330603957176208,
        0.6485443949699402,
        0.6249899506568909,
        0.6564289689064026,
        0.5749579489231109,
        0.5984180331230163,
        0.5292982280254364,
        0.20743508040904998,
        0.24612893760204316,
        0.2807347923517227,
        0.1758121870458126,
        0.23373324647545815,
        0.18295737802982331,
        0.06108754500746727
    ],
    "val_losses": [
        1.5971869111061097,
        0.669762647151947,
        0.6618021368980408,
        0.6551543116569519,
        0.5757788300514222,
        0.6075398564338684,
        0.6399611830711365,
        0.572042191028595,
        0.38303672671318056,
        0.18420882970094682,
        0.21932340115308763,
        0.1518617480993271,
        0.15079961195588112,
        0.17760113701224328,
        0.21377190053462983,
        0.10548245832324028
    ],
    "track_steps_seen": [
        4096,
        106496,
        208896,
        311296,
        413696,
        516096,
        618496,
        720896,
        823296,
        925696,
        1028096,
        1130496,
        1232896,
        1335296,
        1437696,
        1540096
    ],
    "train_accuracies": [
        0.7825,
        0.975
    ],
    "val_accuracies": [
        0.765,
        0.95
    ]
}