{
    "train_losses": [
        0.8551418662071228,
        0.6786174058914185,
        0.673784077167511,
        0.6316571354866027,
        0.5974182248115539,
        0.6375219225883484,
        0.6783364057540894,
        0.5465092062950134,
        0.21760962009429932,
        0.42660429985262455,
        0.1644029375165701,
        0.26299887150526047,
        0.04303735550493002,
        0.013112145941704512,
        0.0050944397517014295,
        0.06206768602132797
    ],
    "val_losses": [
        0.8558284521102906,
        0.6821130514144897,
        0.725630784034729,
        0.6647679805755615,
        0.655963683128357,
        0.6415363550186157,
        0.7033080816268921,
        0.5721472382545472,
        0.2703966870903969,
        0.24850677326321602,
        0.16414836570620536,
        0.2635271199047565,
        0.11201940514147282,
        0.13224378610029816,
        0.12192692630924284,
        0.08947217129170895
    ],
    "track_steps_seen": [
        4096,
        106496,
        208896,
        311296,
        413696,
        516096,
        618496,
        720896,
        823296,
        925696,
        1028096,
        1130496,
        1232896,
        1335296,
        1437696,
        1540096
    ],
    "train_accuracies": [
        0.925,
        0.975
    ],
    "val_accuracies": [
        0.875,
        0.925
    ]
}