{
    "train_losses": [
        0.686016070842743,
        0.7369590520858764,
        0.6910966396331787,
        0.5164301276206971,
        0.3379199385643005,
        0.23227165974676608,
        0.19530023783445358,
        0.018791922181844712
    ],
    "val_losses": [
        0.8070032238960266,
        0.7311789870262146,
        0.7693750858306885,
        0.5681802690029144,
        0.4275585234165192,
        0.21822773441672325,
        0.26002288460731504,
        0.17598431929945946
    ],
    "track_steps_seen": [
        4096,
        106496,
        208896,
        311296,
        413696,
        516096,
        618496,
        720896
    ],
    "train_accuracies": [
        0.825,
        0.975
    ],
    "val_accuracies": [
        0.775,
        0.95
    ]
}