{
    "train_losses": [
        2.513589286804199,
        0.8208112001419068,
        0.6717027306556702,
        0.6543398499488831,
        0.6549750566482544,
        0.699455714225769,
        0.43163725137710574,
        0.510785436630249,
        0.36012416481971743,
        0.1678563490509987,
        0.11405503302812577,
        0.16700237542390822,
        0.033004560694098475,
        0.2467843100428581,
        0.04981686063110828,
        0.01314206440001726
    ],
    "val_losses": [
        1.1064132750034332,
        0.7788312196731567,
        0.6345385074615478,
        0.6332219243049622,
        0.5747726321220398,
        0.6343582987785339,
        0.4928026556968689,
        0.4382336184382439,
        0.30433225631713867,
        0.10308293625712395,
        0.06107090786099434,
        0.22111711353063584,
        0.08993139266967773,
        0.11224484704434871,
        0.1883097395300865,
        0.21967104095965623
    ],
    "track_steps_seen": [
        4096,
        106496,
        208896,
        311296,
        413696,
        516096,
        618496,
        720896,
        823296,
        925696,
        1028096,
        1130496,
        1232896,
        1335296,
        1437696,
        1540096
    ],
    "train_accuracies": [
        0.88625,
        0.985625
    ],
    "val_accuracies": [
        0.845,
        0.96
    ]
}