{
    "train_losses": [
        0.6903650045394898,
        0.336723792552948,
        0.2807703256607056,
        0.3900667428970337,
        0.029429697990417482,
        0.48059509992599486,
        0.037204086780548096,
        0.5377651572227478,
        0.2662325739860535,
        0.4308518171310425,
        0.856729245185852,
        0.30106947422027586,
        0.6767398238182067,
        0.9923899650573731,
        0.4953696608543396,
        0.253753250837326,
        0.48597121238708496,
        0.299460768699646,
        0.052504873275756835,
        0.27093257904052737,
        0.5062329769134521,
        0.28875868320465087,
        0.19031264781951904,
        0.2748252511024475,
        0.7863048195838929,
        0.24722766876220703,
        0.6204194724559784,
        0.31751681566238404,
        0.3730424106121063,
        0.335737532377243,
        0.5100392580032349,
        0.5553327560424804,
        0.5149008870124817,
        0.6332137763500214,
        0.5775843858718872,
        0.3674165666103363,
        0.20239824056625366,
        0.4361976504325867,
        0.34603726863861084,
        0.42651734948158265,
        0.3076571226119995,
        0.6938497424125671,
        0.09127193689346313,
        0.7772729396820068,
        0.23138720989227296,
        0.2048171043395996
    ],
    "val_losses": [
        0.5014088898897171,
        0.5676710456609726,
        0.6678913235664368,
        0.7748754620552063,
        0.771104633808136,
        0.6964568793773651,
        0.6403732895851135,
        0.5980859696865082,
        0.5665963292121887,
        0.5458879917860031,
        0.5005604922771454,
        0.4886850118637085,
        0.481705978512764,
        0.488449826836586,
        0.5031441152095795,
        0.5226210951805115,
        0.5477650016546249,
        0.5874313861131668,
        0.6366052627563477,
        0.6896109282970428,
        0.6609534919261932,
        0.6383945345878601,
        0.5736259967088699,
        0.5322057157754898,
        0.4993385225534439,
        0.4460732638835907,
        0.4152413159608841,
        0.3879999965429306,
        0.39463868737220764,
        0.42675653100013733,
        0.5267924517393112,
        0.5621693208813667,
        0.5539660453796387,
        0.5286122709512711,
        0.46058785170316696,
        0.399104081094265,
        0.3478284999728203,
        0.33604927361011505,
        0.35201169550418854,
        0.3693799674510956,
        0.3933705985546112,
        0.4329308420419693,
        0.4781947135925293,
        0.5298416316509247,
        0.5376000106334686,
        0.5460801869630814
    ],
    "track_steps_seen": [
        1,
        2,
        3,
        4,
        5,
        6,
        7,
        8,
        9,
        10,
        11,
        12,
        13,
        14,
        15,
        16,
        17,
        18,
        19,
        20,
        21,
        22,
        23,
        24,
        25,
        26,
        27,
        28,
        29,
        30,
        31,
        32,
        33,
        34,
        35,
        36,
        37,
        38,
        39,
        40,
        41,
        42,
        43,
        44,
        45,
        46
    ],
    "train_accuracies": [
        0.9,
        0.8,
        0.9,
        0.6,
        0.9,
        0.9,
        1.0,
        0.9,
        1.0,
        0.9,
        0.9,
        0.8,
        0.9,
        0.9,
        1.0,
        0.8,
        0.8,
        0.9,
        0.8,
        1.0,
        0.8,
        0.8,
        0.8,
        1.0,
        0.9,
        0.7,
        0.8,
        0.8,
        0.9,
        0.9,
        0.8,
        0.7,
        1.0,
        0.7,
        0.8,
        0.9,
        0.9,
        0.9,
        0.6,
        0.7,
        0.7,
        0.9,
        0.9,
        0.8,
        1.0,
        1.0
    ],
    "val_accuracies": [
        0.75,
        0.75,
        0.75,
        0.75,
        0.75,
        0.75,
        0.75,
        0.75,
        0.75,
        0.75,
        0.75,
        0.75,
        0.75,
        0.75,
        0.75,
        0.75,
        0.75,
        0.75,
        0.75,
        0.75,
        0.75,
        0.75,
        0.75,
        0.75,
        0.75,
        0.75,
        0.75,
        0.75,
        0.875,
        0.875,
        0.75,
        0.625,
        0.625,
        0.625,
        0.875,
        0.875,
        0.875,
        0.875,
        0.75,
        0.75,
        0.75,
        0.75,
        0.75,
        0.75,
        0.75,
        0.75
    ]
}