{
    "train_losses": [
        0.6552420496940613,
        0.7091551661491394,
        0.6826349020004272,
        0.6626349687576294,
        0.6492861390113831,
        0.6335399508476257,
        0.6257378697395325,
        0.7293905258178711
    ],
    "val_losses": [
        0.7088091850280762,
        0.6982072472572327,
        0.6736725807189942,
        0.7061590194702149,
        0.6935819864273072,
        0.6684327006340027,
        0.7430720806121827,
        0.6494005680084228
    ],
    "track_steps_seen": [
        4096,
        106496,
        208896,
        311296,
        413696,
        516096,
        618496,
        720896
    ],
    "train_accuracies": [
        0.725,
        0.575
    ],
    "val_accuracies": [
        0.4,
        0.45
    ]
}