{
    "train_losses": [
        1.949985408782959,
        0.7458683729171753,
        0.7425890922546386,
        0.6371896386146545,
        0.49587714672088623,
        0.41112207174301146,
        0.15197691023349763,
        0.2379818633198738,
        0.27573453187942504,
        0.05645414479076862,
        0.13137978538870812,
        0.3578135535120964,
        0.08630404137074947,
        0.16826366633176804,
        0.042159941606223585,
        0.026479056105017662
    ],
    "val_losses": [
        1.577139675617218,
        0.6605381667613983,
        0.6215059518814087,
        0.5965842545032501,
        0.5018651902675628,
        0.2547646835446358,
        0.19869077056646348,
        0.16184284836053847,
        0.24014609754085542,
        0.12201160937547684,
        0.09738922640681266,
        0.1769896600395441,
        0.11626722440123557,
        0.16697404198348523,
        0.21769657265394926,
        0.147460700571537
    ],
    "track_steps_seen": [
        4096,
        106496,
        208896,
        311296,
        413696,
        516096,
        618496,
        720896,
        823296,
        925696,
        1028096,
        1130496,
        1232896,
        1335296,
        1437696,
        1540096
    ],
    "train_accuracies": [
        0.925,
        0.95
    ],
    "val_accuracies": [
        0.925,
        0.975
    ]
}