{
    "train_losses": [
        0.703298020362854,
        0.7483176469802857,
        0.747630512714386,
        0.6026563167572021,
        0.3216281563043594,
        0.29407969415187835,
        0.2647440224885941,
        0.3055783823132515
    ],
    "val_losses": [
        0.8322092652320862,
        0.728543484210968,
        0.7119467973709106,
        0.6652636885643005,
        0.8313562452793122,
        0.3454299420118332,
        0.5898816257715225,
        0.3408220291137695
    ],
    "track_steps_seen": [
        4096,
        106496,
        208896,
        311296,
        413696,
        516096,
        618496,
        720896
    ],
    "train_accuracies": [
        0.825,
        0.9
    ],
    "val_accuracies": [
        0.75,
        0.875
    ]
}